epoch (ms),time (01:00),elapsed (s),x-axis (deg/s),y-axis (deg/s),z-axis (deg/s)
1547581038012,2019-01-15T20:37:18.012,0.000,34.268,-240.244,7.683
1547581038052,2019-01-15T20:37:18.052,0.040,37.195,-239.451,8.049
1547581038092,2019-01-15T20:37:18.092,0.080,21.402,-128.049,10.366
1547581038132,2019-01-15T20:37:18.132,0.120,7.073,-59.695,5.122
1547581038172,2019-01-15T20:37:18.172,0.160,20.366,-56.524,8.902
1547581038212,2019-01-15T20:37:18.212,0.200,9.268,-23.841,14.390
1547581038252,2019-01-15T20:37:18.252,0.240,-7.134,12.866,-2.500
1547581038292,2019-01-15T20:37:18.292,0.280,-13.049,-9.390,-7.378
1547581038332,2019-01-15T20:37:18.332,0.320,-21.524,-29.817,6.585
1547581038372,2019-01-15T20:37:18.372,0.360,-30.366,-33.537,6.220
1547581038412,2019-01-15T20:37:18.412,0.400,-29.390,1.890,-1.037
1547581038452,2019-01-15T20:37:18.452,0.440,-18.659,25.976,4.329
1547581038492,2019-01-15T20:37:18.492,0.480,-8.720,22.012,4.512
1547581038532,2019-01-15T20:37:18.532,0.520,8.720,-15.793,-4.085
1547581038572,2019-01-15T20:37:18.572,0.560,14.451,-28.049,-0.793
1547581038612,2019-01-15T20:37:18.612,0.600,13.963,-7.744,1.280
1547581038652,2019-01-15T20:37:18.652,0.640,24.756,-7.256,-5.793
1547581038692,2019-01-15T20:37:18.692,0.680,41.402,-45.366,-10.793
1547581038732,2019-01-15T20:37:18.732,0.720,68.232,-4.634,-9.756
1547581038772,2019-01-15T20:37:18.772,0.760,45.183,88.598,14.695
1547581038812,2019-01-15T20:37:18.812,0.800,32.256,31.280,23.171
1547581038852,2019-01-15T20:37:18.852,0.840,-0.976,31.341,18.780
1547581038892,2019-01-15T20:37:18.892,0.880,0.732,11.280,11.951
1547581038932,2019-01-15T20:37:18.932,0.920,22.622,-28.354,6.220
1547581038972,2019-01-15T20:37:18.972,0.960,18.110,-22.927,1.707
1547581039012,2019-01-15T20:37:19.012,1.000,9.146,-1.768,-1.280
1547581039052,2019-01-15T20:37:19.052,1.040,10.000,-5.793,-3.354
1547581039092,2019-01-15T20:37:19.092,1.080,7.134,-19.329,-3.354
1547581039132,2019-01-15T20:37:19.132,1.120,3.415,-15.610,-4.451
1547581039172,2019-01-15T20:37:19.172,1.160,-5.854,0.000,-2.622
1547581039212,2019-01-15T20:37:19.212,1.200,0.793,-12.378,-7.744
1547581039252,2019-01-15T20:37:19.252,1.240,-2.439,-18.110,-1.951
1547581039292,2019-01-15T20:37:19.292,1.280,-6.341,-8.049,2.744
1547581039332,2019-01-15T20:37:19.332,1.320,-0.732,-13.902,2.012
1547581039372,2019-01-15T20:37:19.372,1.360,-1.524,-7.439,7.805
1547581039412,2019-01-15T20:37:19.412,1.400,0.305,-3.171,6.890
1547581039452,2019-01-15T20:37:19.452,1.440,4.878,-0.976,5.427
1547581039492,2019-01-15T20:37:19.492,1.480,14.268,2.927,4.329
1547581039532,2019-01-15T20:37:19.532,1.520,17.744,-5.671,1.037
1547581039572,2019-01-15T20:37:19.572,1.560,19.024,-5.976,4.268
1547581039612,2019-01-15T20:37:19.612,1.600,24.024,-2.500,1.768
1547581039652,2019-01-15T20:37:19.652,1.640,28.963,2.500,-7.988
1547581039692,2019-01-15T20:37:19.692,1.680,32.683,8.171,-4.024
1547581039732,2019-01-15T20:37:19.732,1.720,54.024,-5.549,0.610
1547581039772,2019-01-15T20:37:19.772,1.760,76.646,-24.024,-1.463
1547581039812,2019-01-15T20:37:19.812,1.800,84.146,-28.720,10.488
1547581039852,2019-01-15T20:37:19.852,1.840,87.988,-23.049,3.963
1547581039892,2019-01-15T20:37:19.892,1.880,84.390,-18.720,1.159
1547581039932,2019-01-15T20:37:19.932,1.920,66.829,-2.256,6.524
1547581039972,2019-01-15T20:37:19.972,1.960,41.402,16.280,2.134
1547581040012,2019-01-15T20:37:20.012,2.000,21.037,6.402,-0.793
1547581040052,2019-01-15T20:37:20.052,2.040,4.024,-1.463,2.439
1547581040092,2019-01-15T20:37:20.092,2.080,-7.012,-2.256,-1.890
1547581040132,2019-01-15T20:37:20.132,2.120,-19.024,-9.207,0.671
1547581040172,2019-01-15T20:37:20.172,2.160,-33.049,-6.524,-1.037
1547581040212,2019-01-15T20:37:20.212,2.200,-41.220,-12.256,-4.634
1547581040252,2019-01-15T20:37:20.252,2.240,-53.476,-4.207,-9.695
1547581040292,2019-01-15T20:37:20.292,2.280,-52.744,-1.280,-2.439
1547581040332,2019-01-15T20:37:20.332,2.320,-48.659,-5.549,0.061
1547581040372,2019-01-15T20:37:20.372,2.360,-56.646,3.841,-0.183
1547581040412,2019-01-15T20:37:20.412,2.400,-56.098,-5.305,-6.098
1547581040452,2019-01-15T20:37:20.452,2.440,-53.780,-11.037,-7.012
1547581040492,2019-01-15T20:37:20.492,2.480,-50.427,-3.720,-8.720
1547581040532,2019-01-15T20:37:20.532,2.520,-40.183,-13.659,-0.976
1547581040572,2019-01-15T20:37:20.572,2.560,-41.280,6.159,8.110
1547581040612,2019-01-15T20:37:20.612,2.600,-29.573,-11.098,3.354
1547581040652,2019-01-15T20:37:20.652,2.640,-28.537,4.451,-0.854
1547581040692,2019-01-15T20:37:20.692,2.680,0.671,-10.305,1.585
1547581040732,2019-01-15T20:37:20.732,2.720,3.963,-5.915,5.305
1547581040772,2019-01-15T20:37:20.772,2.760,13.415,-15.915,7.195
1547581040812,2019-01-15T20:37:20.812,2.800,0.976,6.341,-3.354
1547581040852,2019-01-15T20:37:20.852,2.840,17.683,-9.329,6.646
1547581040892,2019-01-15T20:37:20.892,2.880,16.585,-3.293,4.268
1547581040932,2019-01-15T20:37:20.932,2.920,14.024,3.902,5.610
1547581040972,2019-01-15T20:37:20.972,2.960,18.415,-6.402,8.476
1547581041012,2019-01-15T20:37:21.012,3.000,5.000,18.537,8.659
1547581041052,2019-01-15T20:37:21.052,3.040,9.512,3.598,7.744
1547581041092,2019-01-15T20:37:21.092,3.080,5.976,7.134,8.537
1547581041132,2019-01-15T20:37:21.132,3.120,9.085,3.598,8.110
1547581041172,2019-01-15T20:37:21.172,3.160,2.561,-0.427,7.256
1547581041212,2019-01-15T20:37:21.212,3.200,-2.622,4.634,1.037
1547581041252,2019-01-15T20:37:21.252,3.240,-5.000,3.598,4.329
1547581041292,2019-01-15T20:37:21.292,3.280,-9.573,10.427,1.159
1547581041332,2019-01-15T20:37:21.332,3.320,-9.756,0.610,-6.646
1547581041372,2019-01-15T20:37:21.372,3.360,-6.890,-10.000,-19.024
1547581041412,2019-01-15T20:37:21.412,3.400,-14.573,0.854,-10.854
1547581041452,2019-01-15T20:37:21.452,3.440,-8.963,-3.415,-8.720
1547581041492,2019-01-15T20:37:21.492,3.480,-11.402,-2.195,-0.549
1547581041532,2019-01-15T20:37:21.532,3.520,2.195,-17.561,-8.110
1547581041572,2019-01-15T20:37:21.572,3.560,-7.805,30.732,5.915
1547581041612,2019-01-15T20:37:21.612,3.600,5.305,3.902,13.476
1547581041652,2019-01-15T20:37:21.652,3.640,12.378,0.000,1.707
1547581041692,2019-01-15T20:37:21.692,3.680,2.683,-4.024,-0.061
1547581041732,2019-01-15T20:37:21.732,3.720,-6.951,15.549,11.402
1547581041772,2019-01-15T20:37:21.772,3.760,4.146,-2.256,-3.354
1547581041812,2019-01-15T20:37:21.812,3.800,-5.671,4.878,-1.707
1547581041852,2019-01-15T20:37:21.852,3.840,-8.963,10.976,0.488
1547581041892,2019-01-15T20:37:21.892,3.880,-2.805,-5.671,-4.024
1547581041932,2019-01-15T20:37:21.932,3.920,-6.829,2.256,-3.841
1547581041972,2019-01-15T20:37:21.972,3.960,-7.561,3.841,-2.439
1547581042012,2019-01-15T20:37:22.012,4.000,3.232,-3.902,-5.000
1547581042052,2019-01-15T20:37:22.052,4.040,4.085,-11.890,0.671
1547581042092,2019-01-15T20:37:22.092,4.080,4.146,-6.341,1.951
1547581042132,2019-01-15T20:37:22.132,4.120,12.683,-5.671,-1.159
1547581042172,2019-01-15T20:37:22.172,4.160,19.085,-0.854,1.159
1547581042212,2019-01-15T20:37:22.212,4.200,28.537,-2.134,-3.720
1547581042252,2019-01-15T20:37:22.252,4.240,27.988,-1.829,-0.488
1547581042292,2019-01-15T20:37:22.292,4.280,39.085,1.951,2.988
1547581042332,2019-01-15T20:37:22.332,4.320,47.622,5.427,4.573
1547581042372,2019-01-15T20:37:22.372,4.360,70.000,-2.195,-2.744
1547581042412,2019-01-15T20:37:22.412,4.400,84.817,0.183,-2.317
1547581042452,2019-01-15T20:37:22.452,4.440,87.927,-11.707,3.293
1547581042492,2019-01-15T20:37:22.492,4.480,83.537,-8.476,5.793
1547581042532,2019-01-15T20:37:22.532,4.520,69.878,2.683,12.988
1547581042572,2019-01-15T20:37:22.572,4.560,41.890,12.683,14.634
1547581042612,2019-01-15T20:37:22.612,4.600,16.951,15.976,4.268
1547581042652,2019-01-15T20:37:22.652,4.640,6.951,-3.354,5.000
1547581042692,2019-01-15T20:37:22.692,4.680,-0.549,-4.512,-3.476
1547581042732,2019-01-15T20:37:22.732,4.720,-12.256,-4.756,0.915
1547581042772,2019-01-15T20:37:22.772,4.760,-18.902,-14.085,3.171
1547581042812,2019-01-15T20:37:22.812,4.800,-29.451,-13.354,0.976
1547581042852,2019-01-15T20:37:22.852,4.840,-40.244,-11.159,-1.220
1547581042892,2019-01-15T20:37:22.892,4.880,-47.073,-2.317,-1.768
1547581042932,2019-01-15T20:37:22.932,4.920,-51.341,-3.171,-3.171
1547581042972,2019-01-15T20:37:22.972,4.960,-52.622,-5.549,0.183
1547581043012,2019-01-15T20:37:23.012,5.000,-55.488,-1.280,-3.232
1547581043052,2019-01-15T20:37:23.052,5.040,-53.902,-4.878,-4.451
1547581043092,2019-01-15T20:37:23.092,5.080,-47.317,-5.610,-0.854
1547581043132,2019-01-15T20:37:23.132,5.120,-37.988,-6.829,-1.951
1547581043172,2019-01-15T20:37:23.172,5.160,-36.768,-3.659,1.037
1547581043212,2019-01-15T20:37:23.212,5.200,-33.049,-12.439,-0.183
1547581043252,2019-01-15T20:37:23.252,5.240,-31.098,-2.500,0.183
1547581043292,2019-01-15T20:37:23.292,5.280,-18.415,-10.061,-5.427
1547581043332,2019-01-15T20:37:23.332,5.320,-8.598,-7.378,0.732
1547581043372,2019-01-15T20:37:23.372,5.360,-3.841,-22.561,2.927
1547581043412,2019-01-15T20:37:23.412,5.400,-12.134,3.354,0.305
1547581043452,2019-01-15T20:37:23.452,5.440,-9.085,6.707,-0.122
1547581043492,2019-01-15T20:37:23.492,5.480,3.232,-10.976,5.061
1547581043532,2019-01-15T20:37:23.532,5.520,6.707,-8.171,-0.061
1547581043572,2019-01-15T20:37:23.572,5.560,7.195,0.366,0.854
1547581043612,2019-01-15T20:37:23.612,5.600,1.768,6.768,1.707
1547581043652,2019-01-15T20:37:23.652,5.640,8.963,-0.305,3.476
1547581043692,2019-01-15T20:37:23.692,5.680,10.549,-5.793,4.207
1547581043732,2019-01-15T20:37:23.732,5.720,8.049,7.500,4.451
1547581043772,2019-01-15T20:37:23.772,5.760,5.976,-1.341,5.427
1547581043812,2019-01-15T20:37:23.812,5.800,-1.280,20.610,0.061
1547581043852,2019-01-15T20:37:23.852,5.840,-2.012,-26.707,-47.256
1547581043892,2019-01-15T20:37:23.892,5.880,2.988,-14.451,-38.780
1547581043932,2019-01-15T20:37:23.932,5.920,1.585,9.390,13.780
1547581043972,2019-01-15T20:37:23.972,5.960,-3.415,8.598,9.390
1547581044012,2019-01-15T20:37:24.012,6.000,-4.390,3.293,-11.646
1547581044052,2019-01-15T20:37:24.052,6.040,-3.537,2.805,6.829
1547581044092,2019-01-15T20:37:24.092,6.080,13.354,-7.866,9.878
1547581044132,2019-01-15T20:37:24.132,6.120,2.561,16.524,14.207
1547581044172,2019-01-15T20:37:24.172,6.160,8.171,18.110,21.951
1547581044212,2019-01-15T20:37:24.212,6.200,16.037,-7.317,21.524
1547581044252,2019-01-15T20:37:24.252,6.240,8.415,-13.537,9.512
1547581044292,2019-01-15T20:37:24.292,6.280,-5.183,11.890,6.280
1547581044332,2019-01-15T20:37:24.332,6.320,-2.927,-8.659,-0.732
1547581044372,2019-01-15T20:37:24.372,6.360,0.671,-8.232,-1.280
1547581044412,2019-01-15T20:37:24.412,6.400,-10.488,-0.183,-0.732
1547581044452,2019-01-15T20:37:24.452,6.440,-11.280,-3.598,-4.512
1547581044492,2019-01-15T20:37:24.492,6.480,-10.427,-5.488,-2.256
1547581044532,2019-01-15T20:37:24.532,6.520,-8.232,-2.683,-2.012
1547581044572,2019-01-15T20:37:24.572,6.560,-2.134,3.902,-7.073
1547581044612,2019-01-15T20:37:24.612,6.600,1.159,-8.659,-1.646
1547581044652,2019-01-15T20:37:24.652,6.640,3.841,-2.256,2.866
1547581044692,2019-01-15T20:37:24.692,6.680,15.854,-8.476,0.915
1547581044732,2019-01-15T20:37:24.732,6.720,18.476,-6.585,-5.549
1547581044772,2019-01-15T20:37:24.772,6.760,34.268,-5.488,-0.488
1547581044812,2019-01-15T20:37:24.812,6.800,38.598,-0.976,4.451
1547581044852,2019-01-15T20:37:24.852,6.840,40.610,-4.146,-7.073
1547581044892,2019-01-15T20:37:24.892,6.880,37.256,12.256,-2.927
1547581044932,2019-01-15T20:37:24.932,6.920,46.585,2.073,1.524
1547581044972,2019-01-15T20:37:24.972,6.960,64.390,-4.878,-5.305
1547581045012,2019-01-15T20:37:25.012,7.000,80.976,-15.854,-5.366
1547581045052,2019-01-15T20:37:25.052,7.040,95.244,-17.256,1.280
1547581045092,2019-01-15T20:37:25.092,7.080,90.732,-13.720,3.049
1547581045132,2019-01-15T20:37:25.132,7.120,65.854,-0.305,5.061
1547581045172,2019-01-15T20:37:25.172,7.160,38.354,5.976,1.768
1547581045212,2019-01-15T20:37:25.212,7.200,19.085,8.049,-3.780
1547581045252,2019-01-15T20:37:25.252,7.240,4.207,-2.744,-1.951
1547581045292,2019-01-15T20:37:25.292,7.280,-9.573,-3.354,1.951
1547581045332,2019-01-15T20:37:25.332,7.320,-13.841,-8.476,7.134
1547581045372,2019-01-15T20:37:25.372,7.360,-24.329,4.512,7.622
1547581045412,2019-01-15T20:37:25.412,7.400,-31.524,-1.037,4.695
1547581045452,2019-01-15T20:37:25.452,7.440,-38.780,2.317,1.037
1547581045492,2019-01-15T20:37:25.492,7.480,-44.207,-2.866,-2.500
1547581045532,2019-01-15T20:37:25.532,7.520,-50.915,-2.256,2.012
1547581045572,2019-01-15T20:37:25.572,7.560,-54.146,-2.805,5.854
1547581045612,2019-01-15T20:37:25.612,7.600,-54.146,0.488,6.524
1547581045652,2019-01-15T20:37:25.652,7.640,-52.744,-2.744,3.293
1547581045692,2019-01-15T20:37:25.692,7.680,-57.500,2.744,2.012
1547581045732,2019-01-15T20:37:25.732,7.720,-52.866,-3.841,0.671
1547581045772,2019-01-15T20:37:25.772,7.760,-50.183,0.671,-1.341
1547581045812,2019-01-15T20:37:25.812,7.800,-41.037,-9.634,-0.427
1547581045852,2019-01-15T20:37:25.852,7.840,-38.780,-5.427,1.098
1547581045892,2019-01-15T20:37:25.892,7.880,-22.988,-19.329,3.902
1547581045932,2019-01-15T20:37:25.932,7.920,-19.268,-11.037,4.939
1547581045972,2019-01-15T20:37:25.972,7.960,-11.402,-22.317,-2.134
1547581046012,2019-01-15T20:37:26.012,8.000,-11.707,1.829,2.317
1547581046052,2019-01-15T20:37:26.052,8.040,0.061,-12.744,1.829
1547581046092,2019-01-15T20:37:26.092,8.080,-7.256,14.817,4.878
1547581046132,2019-01-15T20:37:26.132,8.120,3.780,-9.146,1.220
1547581046172,2019-01-15T20:37:26.172,8.160,4.024,0.976,2.012
1547581046212,2019-01-15T20:37:26.212,8.200,6.707,0.915,5.000
1547581046252,2019-01-15T20:37:26.252,8.240,2.317,6.463,7.195
1547581046292,2019-01-15T20:37:26.292,8.280,7.683,-3.598,0.122
1547581046332,2019-01-15T20:37:26.332,8.320,6.707,3.415,5.915
1547581046372,2019-01-15T20:37:26.372,8.360,8.293,-2.195,3.902
1547581046412,2019-01-15T20:37:26.412,8.400,2.256,5.976,4.329
1547581046452,2019-01-15T20:37:26.452,8.440,3.110,3.720,3.232
1547581046492,2019-01-15T20:37:26.492,8.480,1.098,-8.598,-4.634
1547581046532,2019-01-15T20:37:26.532,8.520,-8.476,-1.524,-15.976
1547581046572,2019-01-15T20:37:26.572,8.560,-8.902,-19.268,-13.598
1547581046612,2019-01-15T20:37:26.612,8.600,-9.390,-10.122,-9.695
1547581046652,2019-01-15T20:37:26.652,8.640,-10.976,3.598,-6.585
1547581046692,2019-01-15T20:37:26.692,8.680,2.134,-1.707,6.037
1547581046732,2019-01-15T20:37:26.732,8.720,12.988,11.280,0.854
1547581046772,2019-01-15T20:37:26.772,8.760,1.402,34.207,21.646
1547581046812,2019-01-15T20:37:26.812,8.800,12.500,0.671,18.476
1547581046852,2019-01-15T20:37:26.852,8.840,15.366,-3.902,-1.402
1547581046892,2019-01-15T20:37:26.892,8.880,2.622,13.232,2.195
1547581046932,2019-01-15T20:37:26.932,8.920,4.207,-11.159,10.732
1547581046972,2019-01-15T20:37:26.972,8.960,2.561,-17.622,-4.329
1547581047012,2019-01-15T20:37:27.012,9.000,-14.878,15.427,4.390
1547581047052,2019-01-15T20:37:27.052,9.040,-5.793,-7.500,-1.951
1547581047092,2019-01-15T20:37:27.092,9.080,-9.878,-5.976,1.829
1547581047132,2019-01-15T20:37:27.132,9.120,-8.963,6.402,-0.549
1547581047172,2019-01-15T20:37:27.172,9.160,-1.890,-14.085,-1.585
1547581047212,2019-01-15T20:37:27.212,9.200,3.110,-7.683,0.915
1547581047252,2019-01-15T20:37:27.252,9.240,4.390,4.512,-2.317
1547581047292,2019-01-15T20:37:27.292,9.280,11.768,-8.415,-1.463
1547581047332,2019-01-15T20:37:27.332,9.320,16.585,-4.390,-0.732
1547581047372,2019-01-15T20:37:27.372,9.360,16.524,1.829,-3.537
1547581047412,2019-01-15T20:37:27.412,9.400,25.366,-3.354,-7.317
1547581047452,2019-01-15T20:37:27.452,9.440,32.195,7.500,-9.390
1547581047492,2019-01-15T20:37:27.492,9.480,35.915,20.549,-8.110
1547581047532,2019-01-15T20:37:27.532,9.520,55.000,9.695,-6.159
1547581047572,2019-01-15T20:37:27.572,9.560,61.341,1.646,-6.280
1547581047612,2019-01-15T20:37:27.612,9.600,72.012,-6.098,-2.317
1547581047652,2019-01-15T20:37:27.652,9.640,80.793,-11.829,-3.841
1547581047692,2019-01-15T20:37:27.692,9.680,80.366,-14.329,-6.890
1547581047732,2019-01-15T20:37:27.732,9.720,63.171,9.939,0.244
1547581047772,2019-01-15T20:37:27.772,9.760,53.659,5.732,3.659
1547581047812,2019-01-15T20:37:27.812,9.800,33.780,2.317,4.390
1547581047852,2019-01-15T20:37:27.852,9.840,18.293,8.537,6.951
1547581047892,2019-01-15T20:37:27.892,9.880,10.183,-0.732,-0.244
1547581047932,2019-01-15T20:37:27.932,9.920,-7.317,-0.732,4.085
1547581047972,2019-01-15T20:37:27.972,9.960,-19.390,-2.073,1.890
1547581048012,2019-01-15T20:37:28.012,10.000,-28.354,-1.829,3.354
1547581048052,2019-01-15T20:37:28.052,10.040,-35.305,-6.098,3.354
1547581048092,2019-01-15T20:37:28.092,10.080,-41.280,-8.293,-0.549
1547581048132,2019-01-15T20:37:28.132,10.120,-46.159,-5.915,-0.915
1547581048172,2019-01-15T20:37:28.172,10.160,-51.220,4.146,2.134
1547581048212,2019-01-15T20:37:28.212,10.200,-50.671,-2.256,5.244
1547581048252,2019-01-15T20:37:28.252,10.240,-49.573,-9.207,0.976
1547581048292,2019-01-15T20:37:28.292,10.280,-50.244,0.061,-0.549
1547581048332,2019-01-15T20:37:28.332,10.320,-48.720,-3.963,0.244
1547581048372,2019-01-15T20:37:28.372,10.360,-47.195,1.463,3.049
1547581048412,2019-01-15T20:37:28.412,10.400,-35.488,-12.988,2.195
1547581048452,2019-01-15T20:37:28.452,10.440,-34.695,-7.927,3.232
1547581048492,2019-01-15T20:37:28.492,10.480,-28.720,-7.073,4.695
1547581048532,2019-01-15T20:37:28.532,10.520,-30.915,5.305,5.549
1547581048572,2019-01-15T20:37:28.572,10.560,-11.829,-10.427,3.293
1547581048612,2019-01-15T20:37:28.612,10.600,-10.488,2.500,1.768
1547581048652,2019-01-15T20:37:28.652,10.640,3.598,-16.402,-1.768
1547581048692,2019-01-15T20:37:28.692,10.680,-10.915,6.829,4.878
1547581048732,2019-01-15T20:37:28.732,10.720,2.988,-13.720,-1.646
1547581048772,2019-01-15T20:37:28.772,10.760,2.805,-3.598,3.902
1547581048812,2019-01-15T20:37:28.812,10.800,1.402,3.232,3.902
1547581048852,2019-01-15T20:37:28.852,10.840,3.171,14.268,5.488
1547581048892,2019-01-15T20:37:28.892,10.880,6.646,6.707,0.427
1547581048932,2019-01-15T20:37:28.932,10.920,7.622,3.902,6.402
1547581048972,2019-01-15T20:37:28.972,10.960,12.439,-6.463,4.329
1547581049012,2019-01-15T20:37:29.012,11.000,2.744,6.524,1.463
1547581049052,2019-01-15T20:37:29.052,11.040,5.366,2.683,6.768
1547581049092,2019-01-15T20:37:29.092,11.080,-1.890,-15.488,-29.817
1547581049132,2019-01-15T20:37:29.132,11.120,-6.707,-20.854,-60.427
1547581049172,2019-01-15T20:37:29.172,11.160,2.256,2.927,3.049
1547581049212,2019-01-15T20:37:29.212,11.200,4.390,12.134,23.110
1547581049252,2019-01-15T20:37:29.252,11.240,3.720,0.976,6.037
1547581049292,2019-01-15T20:37:29.292,11.280,-9.817,20.671,-0.671
1547581049332,2019-01-15T20:37:29.332,11.320,3.720,12.622,17.988
1547581049372,2019-01-15T20:37:29.372,11.360,14.573,0.366,12.988
1547581049412,2019-01-15T20:37:29.412,11.400,5.427,5.732,11.463
1547581049452,2019-01-15T20:37:29.452,11.440,8.659,-1.890,-1.890
1547581049492,2019-01-15T20:37:29.492,11.480,6.707,-10.854,3.720
1547581049532,2019-01-15T20:37:29.532,11.520,-0.488,0.732,-2.317
1547581049572,2019-01-15T20:37:29.572,11.560,-5.122,10.488,-2.073
1547581049612,2019-01-15T20:37:29.612,11.600,-3.659,-6.951,-0.610
1547581049652,2019-01-15T20:37:29.652,11.640,-9.634,4.512,1.890
1547581049692,2019-01-15T20:37:29.692,11.680,-9.939,5.610,0.122
1547581049732,2019-01-15T20:37:29.732,11.720,-3.293,-1.280,-0.549
1547581049772,2019-01-15T20:37:29.772,11.760,0.488,-8.537,-0.427
1547581049812,2019-01-15T20:37:29.812,11.800,-0.061,0.488,0.488
1547581049852,2019-01-15T20:37:29.852,11.840,6.402,-3.963,2.805
1547581049892,2019-01-15T20:37:29.892,11.880,11.037,-3.110,-3.902
1547581049932,2019-01-15T20:37:29.932,11.920,16.037,2.988,-4.756
1547581049972,2019-01-15T20:37:29.972,11.960,25.488,-4.573,1.524
1547581050012,2019-01-15T20:37:30.012,12.000,32.317,6.890,-1.829
1547581050052,2019-01-15T20:37:30.052,12.040,42.439,5.610,-3.415
1547581050092,2019-01-15T20:37:30.092,12.080,38.537,3.598,-4.512
1547581050132,2019-01-15T20:37:30.132,12.120,41.890,10.732,-6.463
1547581050172,2019-01-15T20:37:30.172,12.160,49.451,-0.061,0.671
1547581050212,2019-01-15T20:37:30.212,12.200,67.134,-13.537,3.171
1547581050252,2019-01-15T20:37:30.252,12.240,68.415,-14.695,7.622
1547581050292,2019-01-15T20:37:30.292,12.280,69.817,-11.280,6.402
1547581050332,2019-01-15T20:37:30.332,12.320,69.512,-5.061,8.780
1547581050372,2019-01-15T20:37:30.372,12.360,58.598,1.159,-1.159
1547581050412,2019-01-15T20:37:30.412,12.400,43.232,-5.488,0.305
1547581050452,2019-01-15T20:37:30.452,12.440,21.829,4.817,0.000
1547581050492,2019-01-15T20:37:30.492,12.480,15.793,-7.805,4.024
1547581050532,2019-01-15T20:37:30.532,12.520,1.646,2.927,5.549
1547581050572,2019-01-15T20:37:30.572,12.560,-11.280,-0.732,4.024
1547581050612,2019-01-15T20:37:30.612,12.600,-23.902,3.415,5.915
1547581050652,2019-01-15T20:37:30.652,12.640,-28.963,-1.768,3.171
1547581050692,2019-01-15T20:37:30.692,12.680,-33.780,0.549,2.317
1547581050732,2019-01-15T20:37:30.732,12.720,-41.341,-2.134,-0.671
1547581050772,2019-01-15T20:37:30.772,12.760,-52.317,3.841,-0.244
1547581050812,2019-01-15T20:37:30.812,12.800,-56.707,-2.134,1.646
1547581050852,2019-01-15T20:37:30.852,12.840,-55.732,-0.427,3.841
1547581050892,2019-01-15T20:37:30.892,12.880,-58.232,-1.585,0.732
1547581050932,2019-01-15T20:37:30.932,12.920,-58.902,1.951,-1.280
1547581050972,2019-01-15T20:37:30.972,12.960,-53.780,-1.585,0.915
1547581051012,2019-01-15T20:37:31.012,13.000,-46.280,-4.634,2.073
1547581051052,2019-01-15T20:37:31.052,13.040,-39.634,-9.085,4.756
1547581051092,2019-01-15T20:37:31.092,13.080,-34.695,-10.976,4.695
1547581051132,2019-01-15T20:37:31.132,13.120,-24.817,-19.329,1.098
1547581051172,2019-01-15T20:37:31.172,13.160,-19.878,-6.037,3.415
1547581051212,2019-01-15T20:37:31.212,13.200,-12.622,-13.354,3.659
1547581051252,2019-01-15T20:37:31.252,13.240,-14.817,1.280,3.720
1547581051292,2019-01-15T20:37:31.292,13.280,-3.232,-11.159,-2.866
1547581051332,2019-01-15T20:37:31.332,13.320,-4.939,5.793,6.463
1547581051372,2019-01-15T20:37:31.372,13.360,1.037,-0.732,1.951
1547581051412,2019-01-15T20:37:31.412,13.400,0.305,3.171,1.890
1547581051452,2019-01-15T20:37:31.452,13.440,-0.183,1.524,2.866
1547581051492,2019-01-15T20:37:31.492,13.480,-5.610,6.768,4.024
1547581051532,2019-01-15T20:37:31.532,13.520,-2.134,4.451,5.610
1547581051572,2019-01-15T20:37:31.572,13.560,2.439,-0.061,2.866
1547581051612,2019-01-15T20:37:31.612,13.600,6.951,2.866,-2.988
1547581051652,2019-01-15T20:37:31.652,13.640,-7.012,16.341,2.378
1547581051692,2019-01-15T20:37:31.692,13.680,0.854,9.085,-1.829
1547581051732,2019-01-15T20:37:31.732,13.720,0.732,-12.195,-11.402
1547581051772,2019-01-15T20:37:31.772,13.760,-6.768,-0.915,-31.768
1547581051812,2019-01-15T20:37:31.812,13.800,-6.280,-11.951,-25.793
1547581051852,2019-01-15T20:37:31.852,13.840,0.488,4.390,-1.707
1547581051892,2019-01-15T20:37:31.892,13.880,1.768,0.305,5.610
1547581051932,2019-01-15T20:37:31.932,13.920,-0.915,6.159,12.805
1547581051972,2019-01-15T20:37:31.972,13.960,14.390,3.232,5.427
1547581052012,2019-01-15T20:37:32.012,14.000,10.854,17.073,13.902
1547581052052,2019-01-15T20:37:32.052,14.040,13.720,-3.110,23.841
1547581052092,2019-01-15T20:37:32.092,14.080,13.841,-9.634,14.146
1547581052132,2019-01-15T20:37:32.132,14.120,6.280,1.463,1.341
1547581052172,2019-01-15T20:37:32.172,14.160,3.659,-0.915,2.317
1547581052212,2019-01-15T20:37:32.212,14.200,5.366,-4.878,-3.598
1547581052252,2019-01-15T20:37:32.252,14.240,-0.244,-6.829,-2.256
1547581052292,2019-01-15T20:37:32.292,14.280,-6.829,5.854,1.829
1547581052332,2019-01-15T20:37:32.332,14.320,0.915,-4.268,-7.134
1547581052372,2019-01-15T20:37:32.372,14.360,-6.280,-1.341,0.305
1547581052412,2019-01-15T20:37:32.412,14.400,0.549,-7.988,-6.768
1547581052452,2019-01-15T20:37:32.452,14.440,0.000,1.463,-5.549
1547581052492,2019-01-15T20:37:32.492,14.480,1.463,-2.500,-2.561
1547581052532,2019-01-15T20:37:32.532,14.520,6.402,-3.415,-5.366
1547581052572,2019-01-15T20:37:32.572,14.560,13.415,-3.659,-7.073
1547581052612,2019-01-15T20:37:32.612,14.600,20.976,-5.793,-19.695
1547581052652,2019-01-15T20:37:32.652,14.640,29.817,13.354,-22.378
1547581052692,2019-01-15T20:37:32.692,14.680,33.902,7.012,-5.244
1547581052732,2019-01-15T20:37:32.732,14.720,46.585,8.293,-13.232
1547581052772,2019-01-15T20:37:32.772,14.760,62.134,0.549,-16.951
1547581052812,2019-01-15T20:37:32.812,14.800,79.939,-12.561,-14.512
1547581052852,2019-01-15T20:37:32.852,14.840,89.207,-6.707,-12.561
1547581052892,2019-01-15T20:37:32.892,14.880,105.061,-21.402,-9.634
1547581052932,2019-01-15T20:37:32.932,14.920,116.585,-22.317,-0.671
1547581052972,2019-01-15T20:37:32.972,14.960,110.427,-17.378,7.317
1547581053012,2019-01-15T20:37:33.012,15.000,71.768,-2.317,9.207
1547581053052,2019-01-15T20:37:33.052,15.040,43.598,17.317,12.683
1547581053092,2019-01-15T20:37:33.092,15.080,28.963,-2.500,13.049
1547581053132,2019-01-15T20:37:33.132,15.120,15.976,-9.451,8.963
1547581053172,2019-01-15T20:37:33.172,15.160,-1.463,-1.585,8.293
1547581053212,2019-01-15T20:37:33.212,15.200,-6.341,1.159,-0.061
1547581053252,2019-01-15T20:37:33.252,15.240,-10.976,5.976,-1.098
1547581053292,2019-01-15T20:37:33.292,15.280,-16.646,4.024,0.793
1547581053332,2019-01-15T20:37:33.332,15.320,-21.402,-1.280,2.683
1547581053372,2019-01-15T20:37:33.372,15.360,-31.220,-3.720,7.073
1547581053412,2019-01-15T20:37:33.412,15.400,-44.207,-1.037,7.744
1547581053452,2019-01-15T20:37:33.452,15.440,-56.159,8.110,4.024
1547581053492,2019-01-15T20:37:33.492,15.480,-61.098,2.073,4.024
1547581053532,2019-01-15T20:37:33.532,15.520,-64.451,-4.817,1.707
1547581053572,2019-01-15T20:37:33.572,15.560,-71.037,5.549,2.134
1547581053612,2019-01-15T20:37:33.612,15.600,-64.451,-9.756,4.878
1547581053652,2019-01-15T20:37:33.652,15.640,-65.793,-3.902,3.659
1547581053692,2019-01-15T20:37:33.692,15.680,-64.817,-7.439,3.659
1547581053732,2019-01-15T20:37:33.732,15.720,-63.293,3.293,7.805
1547581053772,2019-01-15T20:37:33.772,15.760,-54.268,-8.476,7.683
1547581053812,2019-01-15T20:37:33.812,15.800,-51.280,-4.939,7.866
1547581053852,2019-01-15T20:37:33.852,15.840,-40.488,-11.280,7.256
1547581053892,2019-01-15T20:37:33.892,15.880,-26.159,-6.890,4.573
1547581053932,2019-01-15T20:37:33.932,15.920,-14.024,-1.829,5.488
1547581053972,2019-01-15T20:37:33.972,15.960,-6.646,-5.549,2.988
1547581054012,2019-01-15T20:37:34.012,16.000,-4.451,-0.305,3.598
1547581054052,2019-01-15T20:37:34.052,16.040,1.402,-10.122,3.780
1547581054092,2019-01-15T20:37:34.092,16.080,3.110,-3.293,4.268
1547581054132,2019-01-15T20:37:34.132,16.120,3.659,-0.183,0.244
1547581054172,2019-01-15T20:37:34.172,16.160,1.402,1.159,5.061
1547581054212,2019-01-15T20:37:34.212,16.200,7.073,5.488,7.866
1547581054252,2019-01-15T20:37:34.252,16.240,2.378,10.061,5.427
1547581054292,2019-01-15T20:37:34.292,16.280,-3.659,21.280,7.927
1547581054332,2019-01-15T20:37:34.332,16.320,1.829,10.305,5.854
1547581054372,2019-01-15T20:37:34.372,16.360,0.305,8.841,0.793
1547581054412,2019-01-15T20:37:34.412,16.400,-3.415,4.085,5.122
1547581054452,2019-01-15T20:37:34.452,16.440,1.098,-3.232,5.488
1547581054492,2019-01-15T20:37:34.492,16.480,-1.159,1.890,1.463
1547581054532,2019-01-15T20:37:34.532,16.520,-5.732,-12.378,-18.659
1547581054572,2019-01-15T20:37:34.572,16.560,-8.902,-16.402,-38.841
1547581054612,2019-01-15T20:37:34.612,16.600,-9.573,3.354,-11.707
1547581054652,2019-01-15T20:37:34.652,16.640,-2.012,2.988,4.024
1547581054692,2019-01-15T20:37:34.692,16.680,-1.951,-3.354,7.134
1547581054732,2019-01-15T20:37:34.732,16.720,4.573,4.390,6.951
1547581054772,2019-01-15T20:37:34.772,16.760,6.280,5.488,8.841
1547581054812,2019-01-15T20:37:34.812,16.800,3.110,9.268,17.134
1547581054852,2019-01-15T20:37:34.852,16.840,5.183,-0.305,15.976
1547581054892,2019-01-15T20:37:34.892,16.880,10.061,-5.610,-1.768
1547581054932,2019-01-15T20:37:34.932,16.920,-2.256,10.061,-2.012
1547581054972,2019-01-15T20:37:34.972,16.960,-2.805,1.768,-2.866
1547581055012,2019-01-15T20:37:35.012,17.000,5.610,-12.866,-7.500
1547581055052,2019-01-15T20:37:35.052,17.040,-5.488,8.110,-3.598
1547581055092,2019-01-15T20:37:35.092,17.080,-4.817,14.268,0.488
1547581055132,2019-01-15T20:37:35.132,17.120,7.622,-5.732,-5.427
1547581055172,2019-01-15T20:37:35.172,17.160,-0.122,14.390,-7.500
1547581055212,2019-01-15T20:37:35.212,17.200,6.098,-2.073,-10.061
1547581055252,2019-01-15T20:37:35.252,17.240,14.268,-13.537,0.549
1547581055292,2019-01-15T20:37:35.292,17.280,19.451,-4.878,-1.585
1547581055332,2019-01-15T20:37:35.332,17.320,23.902,5.366,-17.439
1547581055372,2019-01-15T20:37:35.372,17.360,29.634,-4.695,-18.293
1547581055412,2019-01-15T20:37:35.412,17.400,33.537,-10.061,-13.537
1547581055452,2019-01-15T20:37:35.452,17.440,48.415,-15.427,-23.293
1547581055492,2019-01-15T20:37:35.492,17.480,57.012,7.012,-16.585
1547581055532,2019-01-15T20:37:35.532,17.520,77.378,-3.110,-15.427
1547581055572,2019-01-15T20:37:35.572,17.560,91.037,-2.683,-6.829
1547581055612,2019-01-15T20:37:35.612,17.600,103.537,-5.366,0.976
1547581055652,2019-01-15T20:37:35.652,17.640,113.963,-2.683,5.366
1547581055692,2019-01-15T20:37:35.692,17.680,102.805,-15.183,14.634
1547581055732,2019-01-15T20:37:35.732,17.720,66.037,8.720,20.854
1547581055772,2019-01-15T20:37:35.772,17.760,24.573,26.402,19.024
1547581055812,2019-01-15T20:37:35.812,17.800,12.683,-0.671,14.573
1547581055852,2019-01-15T20:37:35.852,17.840,11.707,-4.146,10.610
1547581055892,2019-01-15T20:37:35.892,17.880,6.707,2.500,4.573
1547581055932,2019-01-15T20:37:35.932,17.920,4.024,-2.073,2.683
1547581055972,2019-01-15T20:37:35.972,17.960,1.707,-7.744,3.902
1547581056012,2019-01-15T20:37:36.012,18.000,-3.537,-3.841,-4.512
1547581056052,2019-01-15T20:37:36.052,18.040,-13.354,1.280,-5.976
1547581056092,2019-01-15T20:37:36.092,18.080,-25.244,2.073,-0.793
1547581056132,2019-01-15T20:37:36.132,18.120,-33.902,0.366,4.329
1547581056172,2019-01-15T20:37:36.172,18.160,-39.024,-1.341,10.305
1547581056212,2019-01-15T20:37:36.212,18.200,-41.707,-4.451,9.573
1547581056252,2019-01-15T20:37:36.252,18.240,-46.524,-4.878,7.195
1547581056292,2019-01-15T20:37:36.292,18.280,-55.244,2.073,2.988
1547581056332,2019-01-15T20:37:36.332,18.320,-62.073,-3.354,0.793
1547581056372,2019-01-15T20:37:36.372,18.360,-62.622,-5.427,0.915
1547581056412,2019-01-15T20:37:36.412,18.400,-59.024,1.524,5.732
1547581056452,2019-01-15T20:37:36.452,18.440,-56.829,0.549,8.841
1547581056492,2019-01-15T20:37:36.492,18.480,-51.646,-6.280,6.524
1547581056532,2019-01-15T20:37:36.532,18.520,-51.463,-8.780,6.280
1547581056572,2019-01-15T20:37:36.572,18.560,-44.695,-1.280,2.927
1547581056612,2019-01-15T20:37:36.612,18.600,-35.488,-11.098,-1.402
1547581056652,2019-01-15T20:37:36.652,18.640,-26.951,-14.573,1.646
1547581056692,2019-01-15T20:37:36.692,18.680,-29.939,6.890,3.415
1547581056732,2019-01-15T20:37:36.732,18.720,-18.293,-12.988,3.476
1547581056772,2019-01-15T20:37:36.772,18.760,-14.024,-12.500,3.415
1547581056812,2019-01-15T20:37:36.812,18.800,-7.134,-8.537,1.463
1547581056852,2019-01-15T20:37:36.852,18.840,-10.122,-0.976,2.927
1547581056892,2019-01-15T20:37:36.892,18.880,-16.585,17.561,4.512
1547581056932,2019-01-15T20:37:36.932,18.920,-3.963,5.793,7.256
1547581056972,2019-01-15T20:37:36.972,18.960,8.049,-22.561,4.451
1547581057012,2019-01-15T20:37:37.012,19.000,0.427,2.988,2.683
1547581057052,2019-01-15T20:37:37.052,19.040,-4.756,6.890,-0.610
1547581057092,2019-01-15T20:37:37.092,19.080,1.463,-3.780,-0.122
1547581057132,2019-01-15T20:37:37.132,19.120,2.622,-2.561,4.390
1547581057172,2019-01-15T20:37:37.172,19.160,-1.159,9.451,-2.012
1547581057212,2019-01-15T20:37:37.212,19.200,-0.915,3.659,2.683
1547581057252,2019-01-15T20:37:37.252,19.240,2.683,-0.366,0.122
1547581057292,2019-01-15T20:37:37.292,19.280,-0.915,4.939,4.024
1547581057332,2019-01-15T20:37:37.332,19.320,1.524,3.354,5.976
1547581057372,2019-01-15T20:37:37.372,19.360,-1.159,-5.122,-6.280
1547581057412,2019-01-15T20:37:37.412,19.400,-8.537,-10.183,-17.927
1547581057452,2019-01-15T20:37:37.452,19.440,-6.890,-3.232,-11.585
1547581057492,2019-01-15T20:37:37.492,19.480,-7.561,-5.488,-4.085
1547581057532,2019-01-15T20:37:37.532,19.520,-0.671,-15.671,1.159
1547581057572,2019-01-15T20:37:37.572,19.560,-0.427,0.610,2.988
1547581057612,2019-01-15T20:37:37.612,19.600,-3.171,8.902,10.427
1547581057652,2019-01-15T20:37:37.652,19.640,3.049,-1.829,9.268
1547581057692,2019-01-15T20:37:37.692,19.680,-0.915,5.000,7.378
1547581057732,2019-01-15T20:37:37.732,19.720,-2.744,3.841,-2.134
1547581057772,2019-01-15T20:37:37.772,19.760,-1.524,8.049,0.976
1547581057812,2019-01-15T20:37:37.812,19.800,0.671,-3.476,-2.561
1547581057852,2019-01-15T20:37:37.852,19.840,-0.305,-1.463,-0.671
1547581057892,2019-01-15T20:37:37.892,19.880,-4.756,2.927,-2.866
1547581057932,2019-01-15T20:37:37.932,19.920,1.098,-1.829,2.561
1547581057972,2019-01-15T20:37:37.972,19.960,5.549,-11.707,0.732
1547581058012,2019-01-15T20:37:38.012,20.000,3.537,-1.159,-0.610
1547581058052,2019-01-15T20:37:38.052,20.040,10.976,-10.915,-2.561
1547581058092,2019-01-15T20:37:38.092,20.080,13.659,-9.390,-0.366
1547581058132,2019-01-15T20:37:38.132,20.120,26.646,8.537,-15.732
1547581058172,2019-01-15T20:37:38.172,20.160,35.732,7.500,-21.707
1547581058212,2019-01-15T20:37:38.212,20.200,37.317,3.415,-9.573
1547581058252,2019-01-15T20:37:38.252,20.240,34.634,10.000,-14.268
1547581058292,2019-01-15T20:37:38.292,20.280,58.598,3.415,-12.256
1547581058332,2019-01-15T20:37:38.332,20.320,75.366,2.500,-18.659
1547581058372,2019-01-15T20:37:38.372,20.360,92.988,-3.049,-19.268
1547581058412,2019-01-15T20:37:38.412,20.400,96.646,-16.341,-3.659
1547581058452,2019-01-15T20:37:38.452,20.440,112.500,-20.915,0.122
1547581058492,2019-01-15T20:37:38.492,20.480,116.159,-14.878,7.012
1547581058532,2019-01-15T20:37:38.532,20.520,85.976,-1.646,9.512
1547581058572,2019-01-15T20:37:38.572,20.560,49.390,5.305,18.780
1547581058612,2019-01-15T20:37:38.612,20.600,20.183,7.256,20.244
1547581058652,2019-01-15T20:37:38.652,20.640,13.049,-2.744,12.866
1547581058692,2019-01-15T20:37:38.692,20.680,9.146,-4.146,8.293
1547581058732,2019-01-15T20:37:38.732,20.720,4.634,1.890,3.049
1547581058772,2019-01-15T20:37:38.772,20.760,7.073,-9.634,3.720
1547581058812,2019-01-15T20:37:38.812,20.800,9.085,-9.329,0.488
1547581058852,2019-01-15T20:37:38.852,20.840,7.256,-6.524,-2.073
1547581058892,2019-01-15T20:37:38.892,20.880,1.159,2.012,-4.817
1547581058932,2019-01-15T20:37:38.932,20.920,-3.415,6.402,-1.280
1547581058972,2019-01-15T20:37:38.972,20.960,-9.024,5.183,0.732
1547581059012,2019-01-15T20:37:39.012,21.000,-14.451,1.524,5.305
1547581059052,2019-01-15T20:37:39.052,21.040,-19.085,-1.037,3.659
1547581059092,2019-01-15T20:37:39.092,21.080,-22.012,-1.524,1.402
1547581059132,2019-01-15T20:37:39.132,21.120,-25.793,-1.463,1.341
1547581059172,2019-01-15T20:37:39.172,21.160,-30.305,-1.524,0.366
1547581059212,2019-01-15T20:37:39.212,21.200,-35.244,7.866,4.329
1547581059252,2019-01-15T20:37:39.252,21.240,-40.244,10.061,2.256
1547581059292,2019-01-15T20:37:39.292,21.280,-47.561,0.732,4.512
1547581059332,2019-01-15T20:37:39.332,21.320,-58.293,0.854,6.037
1547581059372,2019-01-15T20:37:39.372,21.360,-59.756,-1.037,1.585
1547581059412,2019-01-15T20:37:39.412,21.400,-67.317,-2.073,3.415
1547581059452,2019-01-15T20:37:39.452,21.440,-64.878,-4.268,7.317
1547581059492,2019-01-15T20:37:39.492,21.480,-62.073,-2.988,4.573
1547581059532,2019-01-15T20:37:39.532,21.520,-51.585,-6.341,4.634
1547581059572,2019-01-15T20:37:39.572,21.560,-44.024,0.000,2.195
1547581059612,2019-01-15T20:37:39.612,21.600,-33.963,-5.488,1.524
1547581059652,2019-01-15T20:37:39.652,21.640,-30.000,-9.146,7.683
1547581059692,2019-01-15T20:37:39.692,21.680,-25.244,-8.537,3.841
1547581059732,2019-01-15T20:37:39.732,21.720,-27.378,4.146,1.646
1547581059772,2019-01-15T20:37:39.772,21.760,-17.561,-8.537,1.646
1547581059812,2019-01-15T20:37:39.812,21.800,-15.366,-14.756,4.268
1547581059852,2019-01-15T20:37:39.852,21.840,-13.720,-17.866,3.415
1547581059892,2019-01-15T20:37:39.892,21.880,-24.756,15.732,7.744
1547581059932,2019-01-15T20:37:39.932,21.920,-11.037,5.183,-0.915
1547581059972,2019-01-15T20:37:39.972,21.960,-9.024,-4.756,5.000
1547581060012,2019-01-15T20:37:40.012,22.000,-4.207,-5.000,2.317
1547581060052,2019-01-15T20:37:40.052,22.040,-1.829,-8.841,1.524
1547581060092,2019-01-15T20:37:40.092,22.080,-1.341,1.707,0.732
1547581060132,2019-01-15T20:37:40.132,22.120,-6.159,9.512,-0.061
1547581060172,2019-01-15T20:37:40.172,22.160,-1.220,-1.037,2.378
1547581060212,2019-01-15T20:37:40.212,22.200,-6.037,6.768,3.110
1547581060252,2019-01-15T20:37:40.252,22.240,-9.268,21.280,1.098
1547581060292,2019-01-15T20:37:40.292,22.280,-3.293,-1.098,-0.427
1547581060332,2019-01-15T20:37:40.332,22.320,-9.268,14.573,4.268
1547581060372,2019-01-15T20:37:40.372,22.360,-7.073,4.939,4.634
1547581060412,2019-01-15T20:37:40.412,22.400,-6.768,7.622,3.293
1547581060452,2019-01-15T20:37:40.452,22.440,-10.061,14.878,-2.622
1547581060492,2019-01-15T20:37:40.492,22.480,-4.695,-14.695,1.220
1547581060532,2019-01-15T20:37:40.532,22.520,12.744,-19.939,-3.415
1547581060572,2019-01-15T20:37:40.572,22.560,-1.585,14.512,8.110
1547581060612,2019-01-15T20:37:40.612,22.600,3.537,-6.037,-3.476
1547581060652,2019-01-15T20:37:40.652,22.640,-0.793,5.061,1.585
1547581060692,2019-01-15T20:37:40.692,22.680,-0.183,-1.159,0.427
1547581060732,2019-01-15T20:37:40.732,22.720,0.549,-5.305,-4.878
1547581060772,2019-01-15T20:37:40.772,22.760,0.976,-0.061,-2.866
1547581060812,2019-01-15T20:37:40.812,22.800,4.573,-8.537,-4.695
1547581060852,2019-01-15T20:37:40.852,22.840,4.817,0.915,-4.085
1547581060892,2019-01-15T20:37:40.892,22.880,1.890,-5.061,0.793
1547581060932,2019-01-15T20:37:40.932,22.920,7.317,-8.049,-2.805
1547581060972,2019-01-15T20:37:40.972,22.960,7.988,-2.866,-3.902
1547581061012,2019-01-15T20:37:41.012,23.000,12.378,-12.073,-0.976
1547581061052,2019-01-15T20:37:41.052,23.040,22.256,-10.244,-5.366
1547581061092,2019-01-15T20:37:41.092,23.080,20.183,-12.805,0.610
1547581061132,2019-01-15T20:37:41.132,23.120,23.780,-1.829,-5.732
1547581061172,2019-01-15T20:37:41.172,23.160,32.500,-4.207,-8.354
1547581061212,2019-01-15T20:37:41.212,23.200,39.085,7.805,-11.524
1547581061252,2019-01-15T20:37:41.252,23.240,46.707,0.061,-8.232
1547581061292,2019-01-15T20:37:41.292,23.280,47.073,16.280,-9.085
1547581061332,2019-01-15T20:37:41.332,23.320,59.817,24.329,-17.195
1547581061372,2019-01-15T20:37:41.372,23.360,84.878,4.268,-12.622
1547581061412,2019-01-15T20:37:41.412,23.400,104.085,-2.805,-10.732
1547581061452,2019-01-15T20:37:41.452,23.440,113.537,-6.220,-7.744
1547581061492,2019-01-15T20:37:41.492,23.480,119.268,-15.976,-5.610
1547581061532,2019-01-15T20:37:41.532,23.520,106.159,-8.598,0.976
1547581061572,2019-01-15T20:37:41.572,23.560,63.049,15.854,4.451
1547581061612,2019-01-15T20:37:41.612,23.600,41.280,7.195,0.061
1547581061652,2019-01-15T20:37:41.652,23.640,16.463,-3.841,11.585
1547581061692,2019-01-15T20:37:41.692,23.680,-1.402,-15.000,13.293
1547581061732,2019-01-15T20:37:41.732,23.720,-8.232,-19.207,12.866
1547581061772,2019-01-15T20:37:41.772,23.760,-10.732,-17.195,11.220
1547581061812,2019-01-15T20:37:41.812,23.800,-14.695,-12.439,8.293
1547581061852,2019-01-15T20:37:41.852,23.840,-12.622,-11.098,4.573
1547581061892,2019-01-15T20:37:41.892,23.880,-7.195,-8.171,2.378
1547581061932,2019-01-15T20:37:41.932,23.920,-6.098,-4.207,-1.402
1547581061972,2019-01-15T20:37:41.972,23.960,-4.756,-1.829,-0.976
1547581062012,2019-01-15T20:37:42.012,24.000,-7.378,2.134,-1.402
1547581062052,2019-01-15T20:37:42.052,24.040,-9.329,-0.793,-1.220
1547581062092,2019-01-15T20:37:42.092,24.080,-12.073,1.951,1.585
1547581062132,2019-01-15T20:37:42.132,24.120,-14.939,0.000,2.256
1547581062172,2019-01-15T20:37:42.172,24.160,-23.354,-1.951,5.915
1547581062212,2019-01-15T20:37:42.212,24.200,-27.988,-2.805,4.085
1547581062252,2019-01-15T20:37:42.252,24.240,-34.634,-2.927,2.012
1547581062292,2019-01-15T20:37:42.292,24.280,-43.232,-2.988,5.366
1547581062332,2019-01-15T20:37:42.332,24.320,-52.012,-2.317,7.073
1547581062372,2019-01-15T20:37:42.372,24.360,-60.061,3.902,5.122
1547581062412,2019-01-15T20:37:42.412,24.400,-66.220,5.732,3.963
1547581062452,2019-01-15T20:37:42.452,24.440,-65.854,4.817,7.805
1547581062492,2019-01-15T20:37:42.492,24.480,-65.305,-2.866,9.451
1547581062532,2019-01-15T20:37:42.532,24.520,-67.134,0.366,9.207
1547581062572,2019-01-15T20:37:42.572,24.560,-65.061,-10.854,9.085
1547581062612,2019-01-15T20:37:42.612,24.600,-56.829,-1.524,8.841
1547581062652,2019-01-15T20:37:42.652,24.640,-40.671,-4.146,6.585
1547581062692,2019-01-15T20:37:42.692,24.680,-25.305,-13.720,6.646
1547581062732,2019-01-15T20:37:42.732,24.720,-18.598,-1.220,5.915
1547581062772,2019-01-15T20:37:42.772,24.760,-12.622,-2.317,1.646
1547581062812,2019-01-15T20:37:42.812,24.800,-8.476,-8.293,2.073
1547581062852,2019-01-15T20:37:42.852,24.840,-10.793,5.183,1.646
1547581062892,2019-01-15T20:37:42.892,24.880,-6.098,-4.024,-3.232
1547581062932,2019-01-15T20:37:42.932,24.920,-10.732,9.695,3.354
1547581062972,2019-01-15T20:37:42.972,24.960,-4.329,-3.598,3.171
1547581063012,2019-01-15T20:37:43.012,25.000,0.366,-6.768,6.646
1547581063052,2019-01-15T20:37:43.052,25.040,4.756,-1.585,5.122
1547581063092,2019-01-15T20:37:43.092,25.080,-1.220,23.598,2.500
1547581063132,2019-01-15T20:37:43.132,25.120,-1.220,6.220,3.659
1547581063172,2019-01-15T20:37:43.172,25.160,1.159,-0.122,5.244
1547581063212,2019-01-15T20:37:43.212,25.200,-0.488,11.829,3.049
1547581063252,2019-01-15T20:37:43.252,25.240,2.866,-3.963,5.305
1547581063292,2019-01-15T20:37:43.292,25.280,-4.390,7.073,0.976
1547581063332,2019-01-15T20:37:43.332,25.320,-5.000,7.622,0.488
1547581063372,2019-01-15T20:37:43.372,25.360,-6.707,-9.085,-1.890
1547581063412,2019-01-15T20:37:43.412,25.400,-11.768,-1.402,-27.866
1547581063452,2019-01-15T20:37:43.452,25.440,-11.037,9.390,-8.354
1547581063492,2019-01-15T20:37:43.492,25.480,10.183,-25.000,3.659
1547581063532,2019-01-15T20:37:43.532,25.520,8.963,7.012,1.280
1547581063572,2019-01-15T20:37:43.572,25.560,2.866,24.878,14.817
1547581063612,2019-01-15T20:37:43.612,25.600,8.293,-3.598,7.012
1547581063652,2019-01-15T20:37:43.652,25.640,1.402,2.561,2.012
1547581063692,2019-01-15T20:37:43.692,25.680,-5.183,11.341,-1.707
1547581063732,2019-01-15T20:37:43.732,25.720,-0.427,1.707,1.951
1547581063772,2019-01-15T20:37:43.772,25.760,0.549,-0.061,-1.707
1547581063812,2019-01-15T20:37:43.812,25.800,-3.537,0.366,-1.159
1547581063852,2019-01-15T20:37:43.852,25.840,-5.183,2.988,4.024
1547581063892,2019-01-15T20:37:43.892,25.880,-0.122,-0.122,0.000
1547581063932,2019-01-15T20:37:43.932,25.920,4.634,-6.402,-1.220
1547581063972,2019-01-15T20:37:43.972,25.960,4.451,0.183,-4.756
1547581064012,2019-01-15T20:37:44.012,26.000,4.817,-7.927,1.829
1547581064052,2019-01-15T20:37:44.052,26.040,12.439,-5.976,-1.280
1547581064092,2019-01-15T20:37:44.092,26.080,12.683,-1.280,-0.610
1547581064132,2019-01-15T20:37:44.132,26.120,23.780,-14.695,6.646
1547581064172,2019-01-15T20:37:44.172,26.160,30.976,-2.683,-3.415
1547581064212,2019-01-15T20:37:44.212,26.200,36.951,1.951,-3.110
1547581064252,2019-01-15T20:37:44.252,26.240,39.878,17.317,-10.244
1547581064292,2019-01-15T20:37:44.292,26.280,41.037,23.598,-7.195
1547581064332,2019-01-15T20:37:44.332,26.320,53.415,8.415,-5.122
1547581064372,2019-01-15T20:37:44.372,26.360,54.085,6.646,-8.963
1547581064412,2019-01-15T20:37:44.412,26.400,66.951,-0.244,-19.146
1547581064452,2019-01-15T20:37:44.452,26.440,89.207,-9.634,-47.195
1547581064492,2019-01-15T20:37:44.492,26.480,102.988,-26.829,-53.049
1547581064532,2019-01-15T20:37:44.532,26.520,109.451,-26.707,-31.098
1547581064572,2019-01-15T20:37:44.572,26.560,139.207,-25.122,-15.366
1547581064612,2019-01-15T20:37:44.612,26.600,72.988,18.720,5.915
1547581064652,2019-01-15T20:37:44.652,26.640,2.927,57.256,22.866
1547581064692,2019-01-15T20:37:44.692,26.680,-22.988,41.829,28.963
1547581064732,2019-01-15T20:37:44.732,26.720,5.549,-9.085,43.171
1547581064772,2019-01-15T20:37:44.772,26.760,18.780,-28.354,29.817
1547581064812,2019-01-15T20:37:44.812,26.800,-3.780,-8.293,19.390
1547581064852,2019-01-15T20:37:44.852,26.840,-5.427,-5.793,12.256
1547581064892,2019-01-15T20:37:44.892,26.880,5.854,-14.573,5.854
1547581064932,2019-01-15T20:37:44.932,26.920,3.110,-12.012,-3.659
1547581064972,2019-01-15T20:37:44.972,26.960,0.549,-2.439,-2.073
1547581065012,2019-01-15T20:37:45.012,27.000,6.159,-0.549,-0.732
1547581065052,2019-01-15T20:37:45.052,27.040,5.732,-4.451,1.159
1547581065092,2019-01-15T20:37:45.092,27.080,-2.805,3.293,2.195
1547581065132,2019-01-15T20:37:45.132,27.120,-8.476,-2.622,-3.415
1547581065172,2019-01-15T20:37:45.172,27.160,-8.415,-3.049,-2.866
1547581065212,2019-01-15T20:37:45.212,27.200,-8.354,-3.902,-0.122
1547581065252,2019-01-15T20:37:45.252,27.240,-9.695,-2.256,0.061
1547581065292,2019-01-15T20:37:45.292,27.280,-15.793,-1.707,2.378
1547581065332,2019-01-15T20:37:45.332,27.320,-27.866,0.488,3.780
1547581065372,2019-01-15T20:37:45.372,27.360,-35.610,1.159,5.244
1547581065412,2019-01-15T20:37:45.412,27.400,-44.268,0.305,3.476
1547581065452,2019-01-15T20:37:45.452,27.440,-54.024,-1.463,7.683
1547581065492,2019-01-15T20:37:45.492,27.480,-66.098,1.159,7.439
1547581065532,2019-01-15T20:37:45.532,27.520,-69.695,-1.098,7.073
1547581065572,2019-01-15T20:37:45.572,27.560,-69.390,-2.195,6.707
1547581065612,2019-01-15T20:37:45.612,27.600,-66.585,-9.878,7.500
1547581065652,2019-01-15T20:37:45.652,27.640,-63.902,-8.720,7.317
1547581065692,2019-01-15T20:37:45.692,27.680,-56.220,0.427,8.720
1547581065732,2019-01-15T20:37:45.732,27.720,-42.622,-4.939,6.220
1547581065772,2019-01-15T20:37:45.772,27.760,-32.256,-18.232,6.220
1547581065812,2019-01-15T20:37:45.812,27.800,-30.244,-17.134,3.171
1547581065852,2019-01-15T20:37:45.852,27.840,-28.293,2.866,-0.671
1547581065892,2019-01-15T20:37:45.892,27.880,-27.805,8.537,2.927
1547581065932,2019-01-15T20:37:45.932,27.920,-18.537,-3.841,3.354
1547581065972,2019-01-15T20:37:45.972,27.960,-15.610,-6.220,3.720
1547581066012,2019-01-15T20:37:46.012,28.000,-14.024,-5.915,-1.037
1547581066052,2019-01-15T20:37:46.052,28.040,-21.951,18.171,0.854
1547581066092,2019-01-15T20:37:46.092,28.080,-9.024,0.488,-0.732
1547581066132,2019-01-15T20:37:46.132,28.120,-7.622,-7.500,1.159
1547581066172,2019-01-15T20:37:46.172,28.160,-8.354,5.427,-1.280
1547581066212,2019-01-15T20:37:46.212,28.200,-11.220,9.695,7.744
1547581066252,2019-01-15T20:37:46.252,28.240,-0.732,7.622,1.768
1547581066292,2019-01-15T20:37:46.292,28.280,0.854,-2.378,-2.195
1547581066332,2019-01-15T20:37:46.332,28.320,2.134,-0.610,4.024
1547581066372,2019-01-15T20:37:46.372,28.360,2.317,11.159,0.000
1547581066412,2019-01-15T20:37:46.412,28.400,-5.305,14.512,4.817
1547581066452,2019-01-15T20:37:46.452,28.440,-1.524,6.646,1.829
1547581066492,2019-01-15T20:37:46.492,28.480,1.646,-2.500,0.549
1547581066532,2019-01-15T20:37:46.532,28.520,2.439,7.866,-2.134
1547581066572,2019-01-15T20:37:46.572,28.560,4.939,3.780,0.793
1547581066612,2019-01-15T20:37:46.612,28.600,-1.341,-1.951,-4.878
1547581066652,2019-01-15T20:37:46.652,28.640,-6.402,0.976,0.915
1547581066692,2019-01-15T20:37:46.692,28.680,4.939,-71.524,-23.049
1547581066732,2019-01-15T20:37:46.732,28.720,43.720,-82.378,-65.610
1547581066772,2019-01-15T20:37:46.772,28.760,6.829,70.732,0.305
1547581066812,2019-01-15T20:37:46.812,28.800,-32.317,42.012,18.171
1547581066852,2019-01-15T20:37:46.852,28.840,-12.134,11.646,-10.366
1547581066892,2019-01-15T20:37:46.892,28.880,-6.280,5.854,-15.061
1547581066932,2019-01-15T20:37:46.932,28.920,-2.073,-17.927,-3.171
1547581066972,2019-01-15T20:37:46.972,28.960,5.244,-21.829,-1.159
1547581067012,2019-01-15T20:37:47.012,29.000,-1.768,18.537,-3.415
1547581067052,2019-01-15T20:37:47.052,29.040,-7.073,25.305,-2.195
1547581067092,2019-01-15T20:37:47.092,29.080,-8.659,2.012,2.378
1547581067132,2019-01-15T20:37:47.132,29.120,-12.073,5.427,6.220
1547581067172,2019-01-15T20:37:47.172,29.160,-12.561,13.720,2.317
1547581067212,2019-01-15T20:37:47.212,29.200,-8.476,-4.756,1.098
1547581067252,2019-01-15T20:37:47.252,29.240,-7.683,-2.866,4.451
1547581067292,2019-01-15T20:37:47.292,29.280,-4.329,8.049,-1.463
1547581067332,2019-01-15T20:37:47.332,29.320,-2.195,13.659,-1.524
1547581067372,2019-01-15T20:37:47.372,29.360,-2.073,20.122,-0.732
1547581067412,2019-01-15T20:37:47.412,29.400,-3.171,32.866,0.793
1547581067452,2019-01-15T20:37:47.452,29.440,-2.805,27.439,1.890
1547581067492,2019-01-15T20:37:47.492,29.480,1.220,24.451,2.317
1547581067532,2019-01-15T20:37:47.532,29.520,7.256,19.817,0.610
1547581067572,2019-01-15T20:37:47.572,29.560,8.780,20.366,0.183
1547581067612,2019-01-15T20:37:47.612,29.600,9.939,29.573,2.744
1547581067652,2019-01-15T20:37:47.652,29.640,15.488,34.878,5.610
